objectID,primaryImageLink,Question1,Answer1,Question2,Answer2,Question3,Answer3,Question4,Answer4
447086,https://images.metmuseum.org/CRDImages/is/original/DT4880.jpg, What is the name of the artwork?, Finial in the Form of a Parrot, In what century was the artwork created?, 17th–18th century, What does the simplicity of style and informal subject choice suggest about the artwork's origin?, It suggests that the piece likely belonged to a provincial court setting rather than an imperial one., In what medium was the artwork created?, Brass
456964,https://images.metmuseum.org/CRDImages/is/original/DP235922.jpg, What is the title of the art?, Qur'an Manuscript, When was the art created?, Late 18th–early 19th century, What is the medium used to create the art?," Ink, gold, and lapis on paper; leather binding", What is the style of illumination used in the art?, Blue and gold palette characteristic of Kashmiri production
445246,https://images.metmuseum.org/CRDImages/is/original/DP229986.jpg, What is the object's name?, Panel, When was the art created?, Early 17th century, What material is the art made of?," Cotton, tasar silk, plain weave, embroidered.", What is the art typically used for?, The art was likely used as a decoration for a mantle or an apron.
451283,https://images.metmuseum.org/CRDImages/is/original/DP251278.jpg, Who is depicted in the art?, The future emperor Shah Jahan and his son Dara Shikoh., When was the art created?, Verso: ca. 1620; recto: ca. 1530–50., What medium was used to create the art?," Ink, opaque watercolor, and gold on paper.", What is the classification of the art?, Codices.
446750,https://images.metmuseum.org/CRDImages/is/original/15.95.55_1.jpg, What is the name of the art?, Necklace, What is the necklace made of?," Gold, emeralds, spinels, pearls", What is the approximate date of the necklace?, 18th–19th century, What is the significance of the necklace?," It is a kaliganthi, a necklace given to a bride on her wedding day by her in-laws."
502149,https://images.metmuseum.org/CRDImages/mi/original/midp89.4.1585back.jpg, What type of instrument is the art?, Sitar, When was the Sitar created?, Late 19th century, What materials are used to make the Sitar?," Gourd, wood, ivory, and metal", What is the size of the Sitar?, 51 × 12 in. (129.5 × 30.5 cm)
453136,https://images.metmuseum.org/CRDImages/is/original/sf1981-373-84b.jpg, What does the art depict?, A page of calligraphy from a Kalila wa Dimna manuscript., When was the art created?, Second quarter of the 16th century., What materials were used to create the art?, Ink and opaque watercolor on paper., What is the style of the art?," Mamluk Egypt, with hints of Ottoman and Safavid influences."
451276,https://images.metmuseum.org/CRDImages/is/original/DP246561.jpg, What is the name of the album in which this page is found?, Shah Jahan Album, Who created this artwork?, Manohar, When was the artwork created?, Recto: ca. 1610; Verso: ca. 1530–40, What medium was used to create this artwork?," Ink, opaque watercolor, and gold on paper"
446706,https://images.metmuseum.org/CRDImages/is/original/LC-15_95_3.jpg, What type of adornment is described in the text?, Anklet, When was the anklet likely made?, 19th century, What material was used to craft the anklet?, Silver, What was the purpose of the attached chain and balls on the anklet?, To create a musical noise as the wearer moved
444859,https://images.metmuseum.org/CRDImages/is/original/DP25.jpg, What is the name of the art object described in the text?, Coin, When was the coin produced?, Dated 1028 AH/1619 CE, What is the material used to create the coin?, Gold, What is the motif depicted on the coin?, Signs of the zodiac
446755,https://images.metmuseum.org/CRDImages/is/original/DP233244.jpg, What is the name of the art?, Necklace with Filigree and Beads, To what period does the necklace belong?, late 18th–early 19th century, What is the necklace made of?, Gold, Describe the central pendant of the necklace.," The large fan-shaped pendant is decorated with flowers and scrolling motifs in gold, bordered by twelve finely filigreed amulets on either side, with clusters of small gold beads hanging below each."
453354,https://images.metmuseum.org/CRDImages/is/original/DP240649.jpg, Who is the artist of the painting?, Shaikh Muhammad Amir of Karraya, What is the medium used in creating the painting?, Opaque watercolor on paper, In what year was the painting created?, ca. 1845, What is the subject matter of the painting?," A syce, or groom, symmetrically flanked by almost identical horses"
453075,https://images.metmuseum.org/CRDImages/is/original/sf1981-373-21a.jpg, What is the title of the artwork?, Page of Calligraphy from a Kalila wa Dimna, When was the artwork created?, Second quarter 16th century, What is the medium of the artwork?, Ink and opaque watercolor on paper, What is the classification of the artwork?, Codices
457730,https://images.metmuseum.org/CRDImages/is/original/DP253146.jpg, What is the name of the art?, Dagger with Zoomorphic Hilt, When was the art created?, Second half of the 16th century, What materials were used to make the art?," Hilt: copper; cast, chased, gilded, and inlaid with rubies. Blade: steel; forged", What cultural symbols are combined in the art's design?, Persian and Indian symbols of power
501899,https://images.metmuseum.org/CRDImages/mi/original/DP-12679-025.jpg, What type of instrument is the Karnā?, Trumpet, When was the Karnā made?, Late 19th century, What material is the Karnā made of?, Brass, What is the diameter of the Karnā's bell?, 5 1/2 in. (14 cm)
503937,https://images.metmuseum.org/CRDImages/mi/original/DP-23912-001.jpg, What is the name of the art?, Sursanga, When was the art created?, 19th century, What materials were used to create the art?," Wood, pearl, ivory", What is the unique feature of the art that distinguishes it from other musical instruments?, It combines both Ganesha and Sarasvati in its design and has a thin wooden face plate and metal strings.
457019,https://images.metmuseum.org/CRDImages/is/original/DP246498.jpg, What is the name of the art?, Engraved Bowl, When was the art created?, Early 17th century, What is the medium of the art?," Copper; cast, engraved, tinned, and inlaid with a black compound", What is the classification of the art?, Metal
453053,https://images.metmuseum.org/CRDImages/is/original/DP240305.jpg, What is the title of the artwork?, Dedicatory Inscription from a Mosque, In what year was the artwork created?, 1500 CE, What is the medium used for the artwork?, Gabbro (a type of stone), What is the significance of the inscription's script?," It is in ""tughra"" script, which is an elaborate style of Arabic calligraphy, and is an outstanding example of Indo-Muslim epigraphy."
448484,https://images.metmuseum.org/CRDImages/is/original/sf30-95-174-25a.jpg, What is the name of the artwork?," ""Women Feasting on a Balcony"", Folio from the Davis Album", When was the artwork created?, Late 17th–early 18th century, What materials were used to create the artwork?," Ink, opaque watercolor, and gold on paper", What is the style of the artwork described as?, A romantic phase of the Mughal style
453132,https://images.metmuseum.org/CRDImages/is/original/DP300778.jpg, What type of artwork is it?, Folio from an illustrated manuscript, What is the title of the artwork?," ""The Ascetic Finds his Son Alive in his Crib"", Folio from a Kalila wa Dimna", When was the artwork created?, second quarter 16th century, What is the medium used in the artwork?, Ink and opaque watercolor on paper
451287,https://images.metmuseum.org/CRDImages/is/original/DP231356.jpg, Who is the artist of the album leaf?, Nanha, When was the verso of the album leaf created?, ca. 1610–15, What is the medium used in the album leaf?," Ink, opaque watercolor, and gold on paper", What was the primary purpose of Sultan 'Ali of Mashhad's calligraphy?, Poetry
458439,https://images.metmuseum.org/CRDImages/is/original/DP295570.jpg, What is the type of object described?, Folio from a manuscript, What is the subject matter of the manuscript?, Quran, What era did the manuscript originate from?, 14th century, What specific type of script is used in the manuscript?," Muhaqqaq script, with interlinear Persian translation in naskhi script"
453129,https://images.metmuseum.org/CRDImages/is/original/DP300775.jpg, What type of object is it?, Folio from an illustrated manuscript, What does the painting depict?, A monkey escaping to the safety of a fig tree, From which manuscript is the folio taken?, Kalila wa Dimna, What is the artistic style of the painting?, Mamluk Egyptian with influences from Ottoman and Safavid art
452780,https://images.metmuseum.org/CRDImages/is/original/sf1975-197a.jpg, What is the subject matter of the art?, It depicts a series of masks in a frieze., When was the art created?, 15th–early 16th century., What is the material used for the art?, Sandstone., What is the geographic origin of the art?," Mathura region, India, as indicated by the red sandstone."
446882,https://images.metmuseum.org/CRDImages/is/original/DP272812.jpg, What is the name of the art object?, Fragment of a White-Ground Velvet Carpet, What materials were used to create the art?," Silk and linen, using the cut velvet technique", What period does the art belong to?, 17th century, What is the significance of the floral motif in the art?," The large flower in the center relates to the technique of pietra dura, where precious stones depicting floral motifs are inlaid into marble in architectural settings."
454619,https://images.metmuseum.org/CRDImages/is/original/DP116022.jpg, Who is the artist of the artwork?, Bhavanidas, What type of art is it?, Illustrated single work, What medium is used in the artwork?, Opaque watercolor and gold on paper, When was the artwork created?, ca. 1705–20
446767,https://images.metmuseum.org/CRDImages/is/original/DP-14795-004.jpg, What type of art is it?, Jewelry, What is the necklace made of?," Gold, diamonds, colorless sapphires, rubies, imitation emeralds, and pearls", When was the necklace created?, 18th–19th century, What is the significance of jewelry in Mughal culture?," The wearing and appreciation of jewelry was considered an art in itself, and it was worn by all members of society."
448526,https://images.metmuseum.org/CRDImages/is/original/DP368771.jpg, What type of art is this?, Textile fragment, When was this art created?, 13th–14th century, Where was this art found?," Fustat, Egypt", What techniques were used to create the designs on this art?, Block-printing and mordant dyeing
500775,https://images.metmuseum.org/CRDImages/mi/original/midp89.4.206.jpg, What is the name of the art?, Duff, When was the art created?, Late 19th century, What is the medium used to create the art?, Wood, What classification does the art fall under?, Membranophone-single-headed / frame drum
872977,https://images.metmuseum.org/CRDImages/is/original/LC-2022_464ab-view11.jpg, What is the name of the art?, Dagger with Yali Hilt, What is the classification of the art?, Arms and Armor, When was the art created?, 1800–1850, What materials were used to create the art?," Hilt: Ivory; carved and inlaid with glass, ruby, spinel, and emerald"
453134,https://images.metmuseum.org/CRDImages/is/original/sf1981-373-82b.jpg, What does the manuscript contain?, It contains seventy-eight paintings and many text folios telling the famous tales of the jackals Kalila and Dimna., When was the manuscript created?, The manuscript was created in the second quarter of the 16th century., What is the medium of the manuscript?, Ink and opaque watercolor on paper., Where is the manuscript originally from?, It is suggested that the manuscript was originally from Mamluk Egypt and later copied in Sultanate Gujarat.
453074,https://images.metmuseum.org/CRDImages/is/original/DP300723.jpg, What is the title of the art?," ""The Merchant Listens to the Workman Playing Cymbals"", Folio from a Kalila wa Dimna", What is the medium used to create the art?, Ink and opaque watercolor on paper, When was the art created?, Second quarter 16th century, What is the origin of the stories depicted in the art?," Ancient Indian animal fables, the Panchatantra written by Vidyapati (Bidpai)"
500717,https://images.metmuseum.org/CRDImages/mi/original/DP-14177-001.jpg, What is the name of the instrument?, Sarod, To what classification does the instrument belong?, Chordophone-Lute-plucked-unfretted, When was the sarod made?, ca. 1885, What is the purpose of the instrument?, To accompany singers and as a solo instrument in north India
452777,https://images.metmuseum.org/CRDImages/is/original/sf1975-194-2a.jpg, What is the name of the artwork?, Bottle with Gilded Flowers, When was the artwork created?, 18th century, What materials were used to create the artwork?," Glass, purple; mold blown, gilded", What is the inspiration behind the design of this artwork?," Square bottles of this type derive from Dutch and German molded vessels, which would have been imported after the Dutch East India Company established a trade factory in Gujarat in 1618."
448466,https://images.metmuseum.org/CRDImages/is/original/DT4804.jpg, What is the name of the art?," Illustrated album leaf: ""Hamid Bhakari Punished by Akbar"", Folio from a Manuscript of the Akbarnama. Folio from the Davis Album", Who wrote and in which year?, Written by the courtier Abu\'l Fazl between 1589 and 1598., What is the subject of the artwork?," The focus of the painting appears to be a royal hunting expedition, but in the lower left corner one finds the true subject: the courtier Hamid Bhakari gets punished by the emperor.", What is the classification of this art?, Codices
451281,https://images.metmuseum.org/CRDImages/is/original/DP247726.jpg, Who was the artist of the album leaf?, Hashim, What is the medium of the artwork?," Ink, opaque watercolor, and gold on paper", When was the recto of the album leaf created?, ca. 1620, Who is depicted in the album leaf portrait?, Mulla Muhammad Khan Vali of Bijapur
453210,https://images.metmuseum.org/CRDImages/is/original/DP231333.jpg, What is the name of the artwork?, Buffaloes in Combat, Who created the artwork?, Miskin, When was the artwork created?, Late 16th century, What materials were used to create the artwork?," Ink, watercolor, and gold on paper"
451266,https://images.metmuseum.org/CRDImages/is/original/DP240815.jpg, What is the name of the artwork?," ""A Youth Fallen From a Tree"", Folio from the Shah Jahan Album", Who is the artist of the artwork?, Aqa Riza, What is the medium used to create the artwork?," Ink, opaque watercolor, and gold on paper", What is the approximate date range when the artwork was created?, verso: ca. 1610; recto: ca. 1530
448518,https://images.metmuseum.org/CRDImages/is/original/wb-30.112.24.JPG, What is the title of the artwork?, Textile Fragment, When was the artwork created?, 13th–14th century, What materials were used to create the artwork?," Cotton, plain weave; block-printed and/or painted, mordant dyed", Where was the artwork discovered?," Near Fustat, Egypt"
448473,https://images.metmuseum.org/CRDImages/is/original/sf30-95-174-14a.jpg, What's the title of the art?," ""Encampment in the Hills: Jahangir with Falcon""", Who is the artist of this art?, Abu'l Fazl, When was this art created?, Early 17th century, What medium and materials were used to create this art?," Ink, opaque watercolor, and gold on paper"
454097,https://images.metmuseum.org/CRDImages/is/original/LC-15_95_124.jpg, What is the name of the art?, Hair Ornament (Nagar), When was the art created?, 19th century, What symbols can be found in the ornament's iconography?," Lakshmi, Vishnu, Ananta Sesha, kirtimukha", Where did the ornament originate from?, South India
500759,https://images.metmuseum.org/CRDImages/mi/original/MIDP89.4.190.jpg, What is the name of the musical instrument?, Sitar, When was the sitar created?, Mid-19th century, What type of material is the sitar made from?, Wood, What is the significant difference between the early sitar and the modern instrument?, The early sitar did not have sympathetic strings.
659901,https://images.metmuseum.org/CRDImages/is/original/DP-13343-008.jpg, Who created the Cutout?, Lockwood de Forest, What material is the Cutout made of?, Brass, What was Lockwood de Forest's inspiration for the Cutout?, Indian arts and crafts, For what purpose were these cutouts originally used?, As ornament on architecture or furniture
454344,https://images.metmuseum.org/CRDImages/is/original/DP103079.jpg, What is the title of the art?," ""Rama Receives Sugriva and Jambavat, the Monkey and Bear Kings"", Folio from a Ramayana", What is the medium used in the art?," Ink, opaque watercolor, and gold on paper", What is the size of the painting?, H. 10 7/8 in. (27.6 cm) x W. 7 1/2 in. (19.1 cm), Why was the page probably made?, The page was probably made for the Mughal courtier Bir Singh Deo of Datia.
453350,https://images.metmuseum.org/CRDImages/is/original/DT3676.jpg, What is the title of the art?," Interior of the Hammam at the Red Fort, Delhi, Furnished According to English Taste", What is the medium of the art?, Opaque watercolor on paper, When was the art created?, ca. 1830–40, What is the classification of the art?, Codices
448677,https://images.metmuseum.org/CRDImages/is/original/DT5435.jpg, What is the name of the art?, Carpet Fragment, Around what year was the carpet created?, ca. 1650, Where was the carpet likely made?, Kashmir or Lahore, What is the carpet made of?," Silk, pashmina wool, and asymmetrically knotted pile"
500909,https://images.metmuseum.org/CRDImages/mi/original/89.4.264.JPG, What is the purpose of the sruti upanga?," It was used as a drone accompaniment, providing a continuous note in the background.", Who played the sruti upanga?," It was played by male musicians who accompanied devadasi, female dancers who dedicated their lives to a deity.", What caused the decline of the sruti upanga in Tamil Nadu?," The anti-nautch campaign and the Madras Devadasis Prevention of Dedication Act of 1947, which criminalized the devadasi practice.", Where was the sruti upanga still in use in the early 1980s?," In Andhra Pradesh (Central India), where it was used as a drone instrument to accompany Telugu epic singers."
453258,https://images.metmuseum.org/CRDImages/is/original/DT8104.jpg, Who is the artist responsible for this artwork?, Maulana Nur al-Din `Abd al-Rahman Jami, What is the physical size of the border of this artwork?, H. 11 7/8 in. (30.2 cm) x W. 6 5/16 in. (16 cm), What is the title page of this folio from?, Panj Ganj (The Five Treasures) of Jami, When did the border of this artwork get added?, First quarter 17th century
446801,https://images.metmuseum.org/CRDImages/is/original/sf15-95-138a.jpg, What is the name of the artifact?, Amulet Case, When was the amulet case made?, 19th century, What materials were used to make the amulet case?, Gold and coral, What is the significance of the elongated shape of the amulet?, The shape suggests it was used to hold rolled-up paper inscribed with holy words.
446707,https://images.metmuseum.org/CRDImages/is/original/LC-15_95_4-view2.jpg, What is the name of the art object?," Anklet, One of a Pair", When was the art object created?, 19th century, What is the material of the art object?, Silver, Who was the former owner of the art object?, Lockwood de Forest
446739,https://images.metmuseum.org/CRDImages/is/original/15.95.40 and 41.JPG, What is the name of the art?," Armband (Bazuband), One of a Pair", What is the material used to make the art?," Gold, gemstones, and enamel", Where was the art formerly located?, Collection of American artist and designer Lockwood de Forest, What is the primary function of bazubands?, Worn as an important element in a suite of jewelry worn by men on the upper bicep
446646,https://images.metmuseum.org/CRDImages/is/original/DP215596.jpg, What is the material used in the carpet?," Silk (warp and weft), pashmina wool (pile)", Where was the carpet made?, Kashmir or Lahore, What type of knotting technique was used in the carpet?, Asymmetrically knotted pile, Why does the increased number of knots in the carpet contribute to its quality?," It increases the suppleness and softness of the carpet, allowing for more intricate patterns."
453133,https://images.metmuseum.org/CRDImages/is/original/DP300779.jpg, What type of art is described?, Folio from an illustrated manuscript, What is the title of the artwork?," ""The Trapped Cat and the Frightened Mouse (Rat ?)"", Folio from a Kalila wa Dimna", What materials were used to create the artwork?, Ink and opaque watercolor on paper, Where is it believed that the manuscript was originally copied from?, Sultanate Gujarat
503672,https://images.metmuseum.org/CRDImages/mi/original/DP353270.jpg, What is the material used to make the conch shell?," Shell (Turbinella pyrum), brass, and wax.", What is the religious significance of the conch shell in Hinduism?," It is associated with Vishnu, the Lord of the Waters.", What type of fitting is attached to the conch shell?," Brass fittings, which indicate a link to Shaivite ritual.", What symbols and figures are depicted on the decorated conical end of the conch shell?," Rows of nagas (serpent divinities), wreath-bearing kirtimukhas (""Faces of Glory""), a yoni design (symbol of female energy), and the head of a makara (elephant/crocodile monster) with a yali (elephant/lion monster) striding atop it."
453195,https://images.metmuseum.org/CRDImages/is/original/DP262807.jpg, What is the name of the art?, Textile Fragment with a Repeating Pattern of Interlocked Tulips and Poppies, When was the textile made?, ca. 1628–58, Where was the textile produced?," Exact location uncertain, either India or Persia", What type of material is the textile made of?," Silk, metal wrapped thread; plain weave, brocaded"
446744,https://images.metmuseum.org/CRDImages/is/original/LC-15_95_45.jpg, What is the material used to make the armlet?, Gold and precious stones, When is the armlet believed to have been made?, 19th century, Who was the previous owner of the armlet?, Lockwood de Forest, Where was the armlet purchased?, India
446787,https://images.metmuseum.org/CRDImages/is/original/LC-15_95_122.jpg, What is the name of the art?," Hair / Ear Ornament, One of a Pair", When was the art created?, 19th century, What materials were used to make the art?," Gold and silver, imitation pearl", What is the purpose of the art?, The ornaments were worn as part of an elaborate ensemble of jewels adorning the head and body of a woman.
453214,https://images.metmuseum.org/CRDImages/is/original/DP303328.jpg, What is the object's name?, Game board, On which side of the board is chess played?, The side on display, What is the material and technique used in the creation of the game board?," Wood; painted, varnished, and gilded", How many different flower varieties can be identified on the board?, Eight
454343,https://images.metmuseum.org/CRDImages/is/original/DT5406.jpg, What is the title of the art?, Album Page with Cut-Paper Decoration, When was the art created?, ca. 1625–50, What materials were used to create the art?," Cut paper, opaque watercolor, and gold", What is the main subject matter of the decoration on the art?," Flowering plants, water birds, and a deer"
448936,https://images.metmuseum.org/CRDImages/is/original/wb-33.65.9.JPG, What is the name of the art piece?, Tent Lining Fragment, When was the art piece created?, 18th century, What materials were used to make the art piece?," Cotton, silk", What was the intended use of the art piece?," To adorn the interior of a tent, providing a decorative element to a temporary living space used during campaigns or seasonal migrations."
446581,https://images.metmuseum.org/CRDImages/is/original/wb-13.228.47.JPG, What is the title of the art?, Portrait of Emperor Jahangir, When was the art created?, ca. 1615–20, What materials were used to create the art?," Ink, opaque watercolor, and gold on paper", What is a distinctive feature of the portraiture style during Jahangir's reign?," The influence of European prints, leading to a more accurate and realistic depiction of the emperor."
500713,https://images.metmuseum.org/CRDImages/mi/original/midp89.4.167 (3).jpg, What type of musical instrument is Bāyā?," A kettle drum, used in a set of drums accompanying North Indian classical music and dance.", What materials are used to make Bāyā?, Wood and skin., During which century was the Bāyā exhibited?, Late 19th century., What is the significance of the size difference between the tablā and bāyā in modern sets?," Modern tablā sets feature smaller right-hand tablā drums and larger left-hand bāyā drums, reflecting their different roles and a change in musical practices compared to the 19th century."
448278,https://images.metmuseum.org/CRDImages/is/original/sf29-160-20a.jpg, Who is depicted in the portrait?, Emperor Akbar, When was the portrait created?, Early 17th century, What medium was used to create the portrait?, Ink and opaque watercolor on paper, What are the dimensions of the portrait including the frame?," Height: 21 3/4 inches (54.6 cm), Width: 16 3/4 inches (42.5 cm)"
501903,https://images.metmuseum.org/CRDImages/mi/original/159471.jpg, What is the object's name?, Bell, What century was the bell created?, 19th century, What materials were used to create the bell?, Brass and glass, What was the potential purpose of the bell?, To honor Vishnu or Shiva
447821,https://images.metmuseum.org/CRDImages/is/original/DP286917.jpg, What is the name of the art piece?, Hanging or Bed Cover, When was the art piece made?, Late 18th century, What technique was used to create the art piece?, Kalamkari dyeing, What was the intended use of the art piece?, Bed cover or wall hanging
448465,https://images.metmuseum.org/CRDImages/is/original/DP107563.jpg, What is the name of the art?," Illustrated album leaf: ""Portrait of a Noble in Gauzy White Costume"", Folio from the Davis Album", When was the art created?, Late 17th century, What materials were used to create the art?," Ink, opaque watercolor, and gold on paper", What are the dimensions of the art?, Page: 13 1/8 in. (33.3 cm) x 8 1/4 in. ( 21 cm)\r
453479,https://images.metmuseum.org/CRDImages/is/original/sf1984-335r.jpg, What is the type and title of the art?," Folio from a non-illustrated manuscript titled ""Page from a Persian Epic Poem (Masnavi)""", What materials and dimensions were used to create the art?," Ink, opaque watercolor, and gold on paper; Height: 12 3/4 in. (32.4 cm), Width: 7 1/2 in. (19.1 cm)", What is the unique feature of the script used in the art?," Most unusually, every other horizontal segment of the script is upside down, requiring the manuscript to be turned sideways to read both lines at once.", What is the subject matter of the epic poem from which the folio was removed?," The epic poem is about hopelessness concerning fate, as evident from the segment's title ""Concerning Hopelessness [when it comes to] Fate."""
452813,https://images.metmuseum.org/CRDImages/is/original/wb-1976.176.1b.JPG, What is the title of the art piece?, Flower-Style Box with Drawers, What material is the art piece made of?," Wood (poplar); overlaid with ebony inlaid with wood and incised, stained ivory", What design elements are featured in the art piece?," Rows of graceful flowering plants, coiled cloud bands, and flying birds", Why are there iron handles on the art piece?, The iron handles indicate that the box was used as a traveling chest
453135,https://images.metmuseum.org/CRDImages/is/original/DP300780.jpg, What is the title of the artwork?," ""The Parent Bird Blinds the Prince in Revenge for the Death of her Young One"", Folio from a Kalila wa Dimna", In what century was the artwork created?, second quarter 16th century, What is the medium and dimensions of the artwork?," Medium: Ink and opaque watercolor on paper, Dimensions: Overall: H. 12 1/2 in. (31.8 cm), W. 8 7/8 in. (22.6 cm)", What is the literary source that inspired the manuscript?," Panchatantra, written by Vidyapati (Bidpai)"
447302,https://images.metmuseum.org/CRDImages/is/original/DP215842.jpg, What is the name of the object?, Folio from an illustrated manuscript, Who is the artist of the piece?, Abu'l Qasim Firdausi, What is the medium used in the creation of the artwork?," Ink, opaque watercolor, and gold on paper", What event is depicted in the illustrated manuscript?," Kai Khusrau, Gudarz, and Giv capturing the Demon's Fortress, Bahman"
451257,https://images.metmuseum.org/CRDImages/is/original/DP256231.jpg, Who is the artist of the album leaf?, Bichitr, What is the title of the album leaf?," ""Portrait of Raja Bikramajit (Sundar Das)"", Folio from the Shah Jahan Album", When was the recto of the album leaf made?, ca. 1620, What medium was used to create the album leaf?," Ink, opaque watercolor, and gold on paper"
453143,https://images.metmuseum.org/CRDImages/is/original/DP300784.jpg, What is the title of the artwork?," ""The Discredited Ascetic Being Paraded Through the Town on a Donkey"", Folio from a Kalila wa Dimna", What medium was used to create the artwork?, Ink and opaque watercolor on paper, From what century does the artwork date?, Second quarter 16th century, Where is it suggested that the manuscript may have been copied from?, Egypt
444674,https://images.metmuseum.org/CRDImages/is/original/LC_91_1_1137.jpg, What is the primary purpose of armlets in Indian culture?, An important element in the suite of jewels worn in India., What are some of the unique features of this particular armlet?," Bells serving as pendants, resulting in both visual and auditory appeal.", What is the material used to create this armlet?, Silver, What possible purpose do the small boxes on the armlet serve?," They resemble amulet boxes, suggesting a talismanic function for the wearer."
446773,https://images.metmuseum.org/CRDImages/is/original/DP-14795-006.jpg, What is the name of the art?, Head Ornament, From what century is the art from?, 19th century, What materials is the art made from?," Gold, glass, and turquoise", Where was the art formerly located?, In the collection of American artist and designer Lockwood de Forest
453983,https://images.metmuseum.org/CRDImages/is/original/DP299944.jpg, What is the name of the art?, Panel of Nasta'liq Calligraphy, Who created the art?, Sayyid Amir 'Ali, When was the art created?, mid-17th century, What materials were used to create the art?, Black ink on marbled paper
659905,https://images.metmuseum.org/CRDImages/is/original/DP-13343-012.jpg, Who designed the Cutout?, Lockwood de Forest, When was the Cutout created?, ca. 1892, What inspired the design of the Cutout?," Indian arts and crafts, specifically examples found in wood, plaster, and stone in Indian architecture", What was the intended use of the Cutout?, As ornament on architecture or furniture
446635,https://images.metmuseum.org/CRDImages/is/original/DP330658.jpg, What type of object is being described?, Carpet, What is the title of the carpet?," '""Millefleur"" Carpet'", When was the carpet likely produced?, Probably 18th century, What materials were used to create the carpet?," Cotton (warp and weft), wool (pile)"
451270,https://images.metmuseum.org/CRDImages/is/original/DP246547.jpg, Who is the artist of the artwork?, Chitarman, What is the medium used in the artwork?," Ink, opaque watercolor, and gold on paper", What is the time period of the artwork?, Recto: Dated 1627–28; Verso: Ca. 1530–50, What is the subject matter of the artwork?," Emperor Shah Jahan standing on a terrace, holding a pendant with his portrait"
500757,https://images.metmuseum.org/CRDImages/mi/original/MUS767A.jpg, What is the name of the art?, Rankinkan, What type of instrument is the art?, Idiophone-Shaken-crotal bell, What is the main material used to create the art?, Iron, What is the approximate diameter of the bell's frame?, 25.4 cm (10 in.)
454601,https://images.metmuseum.org/CRDImages/is/original/sf2003-271a.jpg, What is the name of the art piece?, Base for a Water Pipe (Huqqa) with Poetry and Flowers, When was the art piece created?, early 18th century, What is the medium used in the art piece?," Zinc alloy; cast, engraved, inlaid with silver and brass (bidri ware)", What is unique about the decoration on the art piece?," The inlaid brass and silver decoration includes Persian verses praising tobacco in nasta‘liq script, making it an unusual piece with inlaid calligraphy in bidri ware."
446731,https://images.metmuseum.org/CRDImages/is/original/15_95_32_1.jpg, What type of object is described in the text?, Bracelet, When was the bracelet made?, 19th century, What material is the bracelet made from?, Gold, What unique feature does the bracelet possess?, It has two facing makara or dragon heads that serve as its clasp and jingle when the bracelet is moved.
444854,https://images.metmuseum.org/CRDImages/is/original/LC-99_35_2375.jpg, What is the name of the art artifact?, Portrait Coin of the Emperor Jahangir, When was the coin issued?, 1023 AH/1614 CE, What material was used to make the coin?, Gold, Who issued the coin?, Emperor Jahangir
838357,https://images.metmuseum.org/CRDImages/is/original/LC-2019_566overall.jpg, What is the name of the art piece?, Shawl, To what century does the Shawl belong?, 19th century, What material is used to make the Shawl?, Wool, What influenced the popularity of shawls in Europe?," The sophisticated male dress of the Mughal court and the fashion trends of the ""Empire"" era."
456968,https://images.metmuseum.org/CRDImages/is/original/DP273292.jpg, What is the name of the artwork?, A Nobleman Reading, What is the medium of the artwork?, Opaque watercolor on paper, What is the size of the painting without the frame?, H. 8 11/16 in. (22 cm) x W. 6 1/2 in. (16.5 cm), What is the classification of the artwork?, Codices
457788,https://images.metmuseum.org/CRDImages/is/original/TR 112 1- 3 2012image02.jpg, What type of art is this?, Painting, What is the title of the painting?, Cactus Plant in Flower, In what year was the painting created?, ca. 1800, Where is the painting likely from?, probably Calcutta
453367,https://images.metmuseum.org/CRDImages/is/original/DP234016.jpg, What is the name of the artwork?, Portrait of the Elephant 'Alam Guman, Who is the artist of the artwork?, Bichitr, What are the materials used to create the artwork?, Opaque watercolor and gold on paper, What was the purpose of the artwork?," To record the treasures of the Indian court, specifically the elephant 'Alam Guman, one of the prized possessions of the Mughal emperor Jahangir."
453058,https://images.metmuseum.org/CRDImages/is/original/sf1981-373-1a.jpg, What type of object is this?, Folio from an illustrated manuscript, What is the title of the manuscript?, Opening Page from a Kalila wa Dimna, When was the manuscript created?, Second quarter 16th century, What is the primary medium used in the manuscript?, Ink and opaque watercolor on paper
456928,https://images.metmuseum.org/CRDImages/is/original/DP167499.jpg, What is the name of the art?, Nobleman on a Terrace, When was the art created?, ca. 1780, What materials were used to create the art?," Ink, opaque watercolor, silver, and gold on paper", Where was the art created?, Murshidabad
447297,https://images.metmuseum.org/CRDImages/is/original/DP159385.jpg, What is the title of this artwork?," ""Rustam Seizes Afrasiyab by the Girdle and Lifts him from the Saddle"", Folio from a Shahnama (Book of Kings)", Who is the artist responsible for creating this piece?, Abu'l Qasim Firdausi, What materials were used to craft this artwork?," Ink, opaque watercolor, gold on paper, and ink and gold on dyed paper", What is the approximate size of this artwork?, 7 1/2 in. (19.1 cm) x 7 5/8 in. (19.4 cm)
453114,https://images.metmuseum.org/CRDImages/is/original/DP300755.jpg, What type of object is this?, Folio from an illustrated manuscript, What does the artwork depict?, A story from the Kalila was Dimna, When was the artwork created?, Second quarter 16th century, What are the main materials used in the artwork?, Ink and opaque watercolor on paper
503554,https://images.metmuseum.org/CRDImages/mi/original/MI6.jpg, What is the name of the art?, Sarangi, When was the art created?, ca. 1865, What materials were used to make the art?," Wood, parchment, ivory, gut, and metal", What type of musical instrument is the art?, Chordophone-Lute-bowed-unfretted
451010,https://images.metmuseum.org/CRDImages/is/original/DP265734.jpg, What is the medium of the art?," Leather and papier-maché; painted, gilded, and lacquered.", What is the significance of the bookbinding?, It is a rare example surviving from the Akbar period., What does the art depict?, Predators chasing and attacking prey., What is the interior of the art decorated with?, Green and gold cartouches.
662008,https://images.metmuseum.org/CRDImages/is/original/DP339652.jpg, What is the name of the art object?, Ewer, In what century was the art object created?, 17th century, What is the medium of the art object?, Chased and worked copper alloy, What specific religious inscriptions are found on the art object?, Qur'anic verses and the names of the Shi'a Imams
453068,https://images.metmuseum.org/CRDImages/is/original/sf1981-373-14a.jpg, What is the name of the object described?, Folio from an illustrated manuscript, What is the subject matter of the manuscript?, Tales of the jackals Kalila and Dimna, What is believed to be the origin of the manuscript?," Sultanate Gujarat, copied from an Egyptian original", What is the script used in the manuscript?," A strong, left-leaning naskh-like script"
453127,https://images.metmuseum.org/CRDImages/is/original/DP300765.jpg, What is the title of the art?," ""The Deposed Monkey King Drops Figs for the Tortoise and the Two Become Friends"", Folio from a Kalila wa Dimna'", When was the art created?, Second quarter of the 16th century, What materials were used to create the art?, Ink and opaque watercolor on paper, What is the classification of the art?, Codices
453146,https://images.metmuseum.org/CRDImages/is/original/sf1981-373-94a.jpg, What is the name of the artwork?, Page of Calligraphy from a Kalila wa Dimna, When was the artwork created?, Second quarter 16th century, What is the medium used in the artwork?, Ink and opaque watercolor on paper, What is the style and origin of the artwork?," Mamluk Egyptian style, with hints of Ottoman tulips and Safavid turbans; possibly copied from an Egyptian original in Sultanate Gujarat"
453335,https://images.metmuseum.org/CRDImages/is/original/DP225515.jpg, What is the name of the art piece?, Pilgrim Flask, When was the Pilgrim Flask created?, Early 17th century, What is the flask made of?, Brass (cast), How was the flask possibly used?," For suspension, as suggested by the four metal rings."
453090,https://images.metmuseum.org/CRDImages/is/original/sf1981-373-37b.jpg, What is the name of the artwork?, Folio from an illustrated manuscript, What type of object is it?, Manuscript, What is the subject matter of the manuscript?, Tales of the jackals Kalila and Dimna, What is the origin of the stories in the manuscript?," The Panchatantra, written by Vidyapati (Bidpai) in ancient India"
453348,https://images.metmuseum.org/CRDImages/is/original/DT7085.jpg, What is the title of the artwork?, Page of Calligraphy, Who is the artist?, Muhammad Husayn al-Katib, What materials were used to create the artwork?," Ink, opaque watercolor, and gold on paper"," What is the size of the artwork, including the frame?", H. 21 3/4 in. (55.2 cm) x W. 16 3/4 in. (42.5 cm) x D. 3/4 in. (1.9 cm)
453140,https://images.metmuseum.org/CRDImages/is/original/sf1981-373-88a.jpg, What is the title of the art?, Page of Calligraphy from a Kalila wa Dimna, What is the medium used in the creation of the art?, Ink and opaque watercolor on paper, When was the art created?, Second quarter 16th century, What is the cultural origin of the manuscript's tales?, Ancient Indian animal fables (Panchatantra)
448464,https://images.metmuseum.org/CRDImages/is/original/sf30-95-174-5a.jpg, What is the name of the art?, Illustrated Album Leaf, When was the art created?, Second half of the 17th century, What material was used to create the art?," Ink, opaque watercolor, and gold on paper", Where is it believed that the art could have been created?, One of the provincial courts of northern India or the Persian city of Isfahan
444868,https://images.metmuseum.org/CRDImages/is/original/LC-99_35_7405.jpg, What is the name of this art?, Coin, When was the art created?, 1030 AH/1621 CE, What is the art made of?, Silver, What does the Scorpio symbol on the coin represent?, The month in which the coin was minted
451262,https://images.metmuseum.org/CRDImages/is/original/DP246533.jpg, What is the name of the artwork?," ""Great Hornbill"", Folio from the Shah Jahan Album", Who is the artist?, Mansur, When was the artwork created?, recto: ca. 1540; verso: ca. 1615-20, What are the materials used in the artwork?," Ink, opaque watercolor, and gold on paper"
455548,https://images.metmuseum.org/CRDImages/is/original/DP238054.jpg, What is the name of the artwork?, Folio from an illustrated manuscript, What is the medium used to create the artwork?, Opaque watercolor on paper, What is the year the artwork was created?, 1799–1800 CE, What does the scene in the bottom half of the page depict?, The Hindu festival of Holi being celebrated on the streets by the locals while the British residents of the town maintain safe distance from inside.
9748,https://images.metmuseum.org/CRDImages/ad/original/DP-16170-037.jpg, What is the name of the art?, Watch stand, When was the art created?, 1800–1820, What is the material used to create the stand?, Ivory, What is the purpose of the stand?, To display a pocket watch upright
446753,https://images.metmuseum.org/CRDImages/is/original/15.95.59.jpg, What is the name of the jewelry?, Necklace, What materials were used to create the necklace?, Gold and jewels, What type of necklace is it known as?, Guluband, When was the necklace likely made?, 18th–19th century
446711,https://images.metmuseum.org/CRDImages/is/original/LC-15_95_10.jpg, What is the type of art?, Bracelet, What is the title of the art?," Bracelet, One of a Pair", What is the intended purpose of the bracelet?, Adornment and potential use as a weapon, What is the significance of the ornamentation on the bracelet?," Plant motifs, such as buds, are common in Indian jewelry and symbolize nature."
835238,https://images.metmuseum.org/CRDImages/is/original/TR.356.2019 11-18-19 view-1.jpg, What is the name of this art?, Pilgrim Flask, What is the material and technique used to create this art?, Bronze; engraved, What is the approximate age of this art?, 17th century, What are some common decorative motifs found on Indian art that are featured in this piece?, Peacock and falcon
456128,https://images.metmuseum.org/CRDImages/is/original/DP273289.jpg, What type of art is this?, Illustrated single work, What is the title of the work?, Studies for European-Style Portrait Miniatures and a Damsel Arranging Flowers, What is the medium used in this artwork?, Ink and watercolor on paper, What is the central sketch depicting?, A lady in Indian dress and jewelry arranging flowers in a vase on a European table
453397,https://images.metmuseum.org/CRDImages/is/original/sf1997-303.jpg, What is the name of the artwork?, A Heron, When was the artwork created?, Late 18th century, What materials were used to create the artwork?, Water-color on paper, For what purpose was this artwork likely created?, To document the flora and fauna of the region for British patrons
452554,https://images.metmuseum.org/CRDImages/is/original/DP323700.jpg, What is the name of the art?, Carpet with Niche and Flower Design, When was the art created?, Mid-17th century, What is the medium used to create the art?," Cotton (warp and weft), silk (weft), wool (pile)", Where is the art believed to have originated from?, Kashmir or Lahore
453281,https://images.metmuseum.org/CRDImages/is/original/1987.254.1-3-D.JPG, What is the name of the artwork?, Three Ornaments from a Bridle, When was the artwork created?, Mid-17th century, What materials were used to make the artwork?," Silver, stamped, punched, gilded", What is the significance of the fish motif on the ornaments?," It was part of the royal insignia in Mughal decorative objects, indicating the status of the horse or elephant adorned with them."
458440,https://images.metmuseum.org/CRDImages/is/original/DP295571.jpg, What is the name of the art piece?, Folio from a Qur'an Manuscript, What is the medium used in the creation of the art piece?, Ink on paper, What century was the art piece created in?, 14th century, What is the classification of the art piece?, Codices
450465,https://images.metmuseum.org/CRDImages/is/original/wb-41.190.256.JPG, What is the name of the artwork?, Hanging with a Medallion Carpet Design, When was the artwork created?, 1628–58, What is the medium of the artwork?, Silk; cut velvet, What is the classification of the artwork?, Textiles-Woven
500712,https://images.metmuseum.org/CRDImages/mi/original/midp89.4.166 (2).jpg, What is the type of musical instrument described in the text?, Membranophone-double-headed / cylindrical drum, What is the material used to make the tablā?, Wood, How has the size of the tablā drums changed over time?," In the 19th century, tablā drums were closer in size than they are today, with the right-hand drum (tablā) being smaller and the left-hand drum (bāyā) being larger.", What other musical instruments did the tablā develop alongside in the 18th and 19th centuries?, Sitār and sarod
453975,https://images.metmuseum.org/CRDImages/is/original/DT4503.jpg, What is the title of the art?, Chand Bibi Hawking with Attendants in a Landscape, What is the medium used to create the art?," Opaque watercolor, gold, and silver on card-weight paper", Who is the main figure depicted in the painting?," Chand Bibi, a legendary queen of Ahmadnagar", What is the symbolism behind the red coloring on the horse's lower half?, It symbolizes wading through blood or bravery in battle
453092,https://images.metmuseum.org/CRDImages/is/original/DP300741.jpg, What is the name of the artwork?," ""The Lion and the Elephant Fighting"", Folio from a Kalila wa Dimna", What is the medium used to create the artwork?, Ink and opaque watercolor on paper, In what century was the artwork created?, Second quarter of the 16th century, From which culture is the manuscript influenced?," Egyptian, Ottoman, and Safavid"
453184,https://images.metmuseum.org/CRDImages/is/original/DP344703.jpg, What is the name of the art?, Fragment of a Floorspread, When was it created?, Late 17th century, What type of material is it made of?," Cotton; plain weave, mordant-painted and dyed, resist-dyed", What is the distinctive feature of the art?," The use of kalamkari dyeing process, where green is achieved by painting yellow dye over areas already tinted with indigo."
453107,https://images.metmuseum.org/CRDImages/is/original/DP300752.jpg, What is the title of the artwork?," ""The Falcon Plucks out the Eyes of the Falconer for Bearing False Witness Against the Nobleman's Wife"", Folio from a Kalila wa Dimna", When was the artwork created?, Second quarter 16th century, What is the medium used in creating the artwork?, Ink and opaque watercolor on paper, What is the cultural origin of the manuscript that the artwork belongs to?," It has a strong flavor of Mamluk Egypt in the figure styles and bold drawings, with hints of Ottoman tulips and Safavid turbans. However, it is suggested that the manuscript was copied from an Egyptian original in Sultanate Gujarat. Its life in India is also attested by a Devanagari inscription at the end."
452943,https://images.metmuseum.org/CRDImages/is/original/DP295567.jpg, What type of manuscript is this artwork from?, Folio from a Qur'an Manuscript, When was this artwork created?, 14th century, What medium was used to create the artwork?," Ink, opaque watercolor, and gold on paper", What is the subject matter of the artwork?, Verses 71-75 from Surah al-A'raf (chapter 7) of the Qur'an
453089,https://images.metmuseum.org/CRDImages/is/original/DP300737.jpg, What is the name of the artwork?," ""The Fish and the Fisherman"", Folio from a Kalila wa Dimna", What type of artwork is it?, Folio from an illustrated manuscript, What is the medium and dimensions of the artwork?, Ink and opaque watercolor on paper; Overall: H. 12 1/2 in. (31.8 cm) x W. 8 7/8 in. (22.6 cm), Where and when was the artwork created?," Sultanate Gujarat, second quarter 16th century"
453192,https://images.metmuseum.org/CRDImages/is/original/sf1982-476-2r.jpg, What is the subject matter of the artwork?, The artwork depicts the romantic adventures of Laur and Chanda., When was the artwork created?, Around 1525-50., What materials were used to create the artwork?," Ink, opaque watercolor, and gold on paper.", How does the artwork blend different styles?, It combines elements of Persian painting from Shiraz with the Chaurapanchasika style of northern India.
451269,https://images.metmuseum.org/CRDImages/is/original/DP234021.jpg, Who is depicted in the painting?," Jahangir and his vizier, I'timad al-Daula.", When was the recto of the album leaf created?, ca. 1615., What is the medium used in the artwork?," Ink, opaque watercolor, and gold on paper.", What is the relationship between Jahangir and I'timad al-Daula?, They had a close personal relationship and I'timad al-Daula became the chief minister of the realm due to his daughter's marriage to Jahangir.
448215,https://images.metmuseum.org/CRDImages/is/original/ad-28.159.4.JPG, What is the name of the art?, Sash, What is the medium used to create the art?," Cotton; resist and mordant dyed, and painted", What is the approximate date of creation for the art?, ca. 1628–58, What is the typical use for this type of art?," Men’s sashes, called patkas, were wrapped around the wearer’s waist and tied with their ends hanging down in the front. They allowed men to display their wealth by tucking precious objects into the fabric."
453104,https://images.metmuseum.org/CRDImages/is/original/DP300750.jpg, What is the object's title?," ""Leopard Bearing Lion's Order to Fellow Judges"", Folio 51 recto from a Kalila wa Dimna.", When was the object created?, Second quarter of the 16th century., What materials were used to create the object?, Ink and opaque watercolor on paper., What is the cultural origin of the manuscript?," It has a strong Mamluk Egypt flavor, with hints of Ottoman tulips and Safavid turbans, but is attributed to Sultanate Gujarat, where it may have been copied from an Egyptian original."
448530,https://images.metmuseum.org/CRDImages/is/original/wb-30.112.36.JPG, What is the name of the artwork?, Textile Fragment, What is the technique used to create the designs?," Block-printing, mordant, and resist dyeing", What period does the textile fragment belong to?, 15th–16th century, Where was the textile fragment found?," Near Fustat, Egypt"
448471,https://images.metmuseum.org/CRDImages/is/original/sf30-95-174-12a.jpg, What is the name of the art?, Illustrated Album Leaf, Who is the artist of the art?, Abu'l Fazl, What is the medium used to create the art?," Ink, opaque watercolor, and gold on paper", What does the art depict?," Courtiers with a riderless horse, possibly part of a larger scene that includes a ruler and noblemen"
454359,https://images.metmuseum.org/CRDImages/is/original/DP107193.jpg, What is the title of the art?," ""The Death of King Dasharatha, the Father of Rama"", Folio from a Ramayana", What is the medium used to create the art?, Opaque watercolor and gold on paper, What is the approximate date of the art's creation?, ca. 1605, What is the classification of the art?, Codices
448472,https://images.metmuseum.org/CRDImages/is/original/sf30-95-174-13a.jpg, What is the title of the art?," ""The Emperor Humayun Returning from a Journey Greets his Son"", Folio from a Manuscript of the Akbarnama. Folio from the Davis Album", Who created the art?, Abu'l Fazl, When was the art created?, ca. 1604, What is the medium of the art?," Ink, opaque watercolor, and gold on paper"
445003,https://images.metmuseum.org/CRDImages/is/original/sf07-207-1ba.jpg, What is the name of the art?, Mold for Jewelry, What materials were used to create this art?, Clay and heavy white metal, What technique was used to create this art?, Lost wax casting, What are the dimensions of the art?, (a) c. 4 in. (10.2 cm) x 6 in. (15.2 cm)
453343,https://images.metmuseum.org/CRDImages/is/original/sf1993-67-1a.jpg, What is the name of the artwork?, Pierced Window Screen, What is the material used to create the artwork?, Red sandstone, Who is the artist of the artwork?, The artist's name is not provided in the given description., In what century was the artwork created?, Second half of the 16th century
445261,https://images.metmuseum.org/CRDImages/is/original/DP229987.jpg, What is the name of the art?, Pashmina Carpet Fragment, In what century was the art created?, First half of the 17th century, What type of technique was used to create the art?, Asymmetrically knotted pile, What dye was likely used to achieve the rich red color of the ground?, Lac and madder plant
444867,https://images.metmuseum.org/CRDImages/is/original/DP33.jpg, What is the object's name?, Coin, What symbol is depicted on the coin?, Leo, In what year was the coin minted?, 1033 AH/1624 CE, Where was the coin minted?, Agra
451401,https://images.metmuseum.org/CRDImages/is/original/sf57-51-22r.jpg, What is the title of the art?, Portrait of a Sufi, When was the art created?, First quarter of the 17th century, What materials were used to create the art?," Ink, opaque watercolor, and gold on paper", What is the significance of the figure's posture and gaze?," The figure's curled-up posture and lowered gaze suggest a state of deep introspection and meditation, which is common among Sufi practitioners."
453339,https://images.metmuseum.org/CRDImages/is/original/DP231148.jpg, What is the name of this artifact?, Elephant Goad, What is the medium used in its creation?," Steel or iron, inlaid with gold and silver", To which time period does the goad belong?, Late 17th–early 18th century, What cultural influences are evident in the decoration of the shaft?, Mughal and Deccani tastes
453152,https://images.metmuseum.org/CRDImages/is/original/sf1981-373-100b.jpg, What type of art is it?, Folio from an illustrated manuscript, What is the subject of the artwork?, Page of Calligraphy from a Kalila wa Dimna, Who is the artist of the artwork?, Artist's name is not specified in the provided information., Where was the artwork created?, Likely copied from an Egyptian original in Sultanate Gujarat
448491,https://images.metmuseum.org/CRDImages/is/original/sf30-95-174-32a.jpg, What is the name of the art?," Illustrated album leaf, ""Night Scene: Group Listening to Music"", Folio from the Davis Album", What is the medium of the art?," Ink, opaque watercolor, and gold on paper", When was the art created?, Late 17th century, What is the illumination technique used in the art?, Lit by a double candlestand at center
454623,https://images.metmuseum.org/CRDImages/is/original/DP246534.jpg, Who created the art?, Abu'l Hasan, What is the title of the art?," ""Spotted Forktail"", Folio from the Shah Jahan Album", What materials were used to create the art?," Ink, opaque watercolor, and gold on silk", What is the approximate creation date of the art?, recto: ca. 1610–15; verso ca. 1540
821905,https://images.metmuseum.org/CRDImages/is/original/LC-2019_119.jpg, What is the title of the artwork?, A Chinese Serow (Capricornis milneedwardsi argyrochaetes), What medium and materials were used to create the artwork?, Ink and watercolor on paper, What is the classification of the artwork?, Codices, Where was the artwork likely created?, Probably Calcutta
453119,https://images.metmuseum.org/CRDImages/is/original/DP300759.jpg, What is the name of the art piece?," ""The Clever Hare with the King of the Elephants at the Spring of the Moon"", Folio from a Kalila wa Dimna", When was the art piece created?, Second quarter 16th century, What is the medium used to create the art piece?, Ink and opaque watercolor on paper, What is the classification of the art piece?, Codices
448470,https://images.metmuseum.org/CRDImages/is/original/sf30-95-174-11a.jpg, What is the title of the art?," ""Asaf khan Presents Offerings (?)"", Folio from a Manuscript of the Akbarnama. Folio from the Davis Album", Who is the artist of the art?, Abu'l Fazl, What is the medium used in the art?," Ink, opaque watercolor, and gold on paper", What is the date of the art?, ca. 1604
454429,https://images.metmuseum.org/CRDImages/is/original/DP231334.jpg, Who is the artist of the artwork?, Sita Ram, What is the medium of the artwork?, Opaque watercolor on paper, What does the artwork depict?," The Sang-i Dalan palace complex at Motijhil, Bengal, with an emphasis on its state of decay", What style is the artwork painted in?, Picturesque style
453228,https://images.metmuseum.org/CRDImages/is/original/DP229997.jpg, What type of object is this?, Coat, When was the coat made?, Late 19th century, What is the medium used in the coat?, Wool; double interlocking twill tapestry weave, Where is the coat from?, Amritsar
453064,https://images.metmuseum.org/CRDImages/is/original/sf1981-373-9a.jpg, What type of artwork is described in the metadata?, Folio from an illustrated manuscript, What is the title of the manuscript?, Page of Calligraphy from a Kalila wa Dimna, What materials were used to create the artwork?, Ink and opaque watercolor on paper, What is the cultural origin of the artwork's style?," A mix of Mamluk Egypt, Ottoman, and Safavid influences, with a suggestion of Sultanate Gujarat"
454768,https://images.metmuseum.org/CRDImages/is/original/DP116016.jpg, What is the name of the art?, Writing Box, What materials were used to create the art?," Wood, ebony, ivory, bone, brass", When was the art created?, Late 16th–early 17th century, What is the technique used to inlay the ivory and bone?, Sadeli
453054,https://images.metmuseum.org/CRDImages/is/original/DP210624.jpg, What is the name of the art?, Floral Tent Panel, When was the art created?, ca. 1635, What is the main purpose of this art?, To line the interior of tents used by Indian rulers while traveling, Describe the design of the panel.," The panel features five compartments, each containing a poppy plant under an arch, with floral and leaf scrolls in the spandrels. The decoration is made with gold leaf beaten into the surface and burnished."
504217,https://images.metmuseum.org/CRDImages/mi/original/234945.jpg, What is the name of the art?, Kaichiliambu (vessel rattles), When was the art created?, 19th century, What material is the art made of?, Bronze, What is the classification of the art?, Idiophone-Shaken-rattle
453223,https://images.metmuseum.org/CRDImages/is/original/wb-1983.494.6.JPG, What is the medium used to create the textile fragment?," Wool, cotton, and silk", In what century was the textile fragment created?, Second half of the 17th century, What is the classification of the textile fragment?, Textiles-Rugs, What distinguishes the intermediate grade of carpets from the standard type?, Second wefts of red silk and a somewhat finer knot count
446783,https://images.metmuseum.org/CRDImages/is/original/15.95.118-121.jpg, What is the name of the art piece?," Earring, One of a Set of Four", When was the art piece created?, 19th century, What is the medium used to create the art piece?, Gold, Who created the art piece?, Artist's name is not mentioned in the description.
453142,https://images.metmuseum.org/CRDImages/is/original/DP300783.jpg, What artwork is being described?, Folio from an illustrated manuscript, What is the title of the manuscript?," ""The Traveller Rescues the Goldsmith from the Pit Against the Advice of the Animals"", Folio from a Kalila wa Dimna", When was the manuscript created?, Second quarter 16th century, What materials were used to create the manuscript?, Ink and opaque watercolor on paper
